free,57697
dev-dev_stg-ds_vdm-cprd,22781
dev-dev_stg-ds_vdm-ipsos,22781
dev-dev_stg-ds_vdm-ims,22781
dev-dev_core-dc_vdm-ccae,3311
dev-dev_core-dc_vdm-ipsos,3311
dev-dev_core-dc_vdm-ims,3311
dev-dev_stg-ds_adm-cprd,22781
dev-dev_core-dc_adm-cprd,3311
dev-dev_meta,906
tst-tst_stg-ts_vdm-cprd,319
tst-tst_stg-ts_vdm-ccae,3496
tst-tst_stg-ts_vdm-ipsos,3396
tst-tst_stg-ts_vdm-ims,1396
tst-tst_stg-ts_adm-cprd,319
tst-tst_stg-ts_adm-ccae,3496
tst-tst_stg-ts_adm-ipsos,3396
tst-tst_stg-ts_adm-ims,1396
prd-prd_stg-ps_vdm-cprd,316
prd-prd_stg-ps_vdm-ccae,316
prd-prd_stg-ps_vdm-flatiron,316
prd-prd_core-ps_vdm-cprd,316
prd-prd-core-ps_vdm-ccae,316
prd-prd_core-ps_vdm-flatiron,316
